{"cameraMode":{"drawMode":0,"name":"Shaded","section":"Shading Mode"},"sceneLighting":true,"audioPlay":false,"sceneViewState":{"m_AlwaysRefresh":false,"showFog":true,"showSkybox":true,"showFlares":true,"showImageEffects":true,"showParticleSystems":true,"showVisualEffectGraphs":true,"m_FxEnabled":true},"in2DMode":false,"pivot":{"x":1404.9754638671875,"y":1005.8917846679688,"z":37.92572021484375},"rotation":{"x":-0.020615391433238984,"y":0.08388036489486695,"z":0.0017509429017081857,"w":0.9962871670722961},"size":486.5004577636719,"orthographic":false}